,c,e,t,r
0,173688,A_SUBMITTED,2011-09-30 22:38:44.546000+00:00,0
1,173688,A_PARTLYSUBMITTED,2011-09-30 22:38:44.880000+00:00,0
2,173688,A_PREACCEPTED,2011-09-30 22:39:37.906000+00:00,0
3,173688,W_Completeren aanvraag,2011-09-30 22:39:38.875000+00:00,0
4,173688,W_Completeren aanvraag,2011-10-01 09:36:46.437000+00:00,0
5,173688,A_ACCEPTED,2011-10-01 09:42:43.308000+00:00,0
6,173688,O_SELECTED,2011-10-01 09:45:09.243000+00:00,0
7,173688,A_FINALIZED,2011-10-01 09:45:09.243000+00:00,0
8,173688,O_CREATED,2011-10-01 09:45:11.197000+00:00,0
9,173688,O_SENT,2011-10-01 09:45:11.380000+00:00,0
10,173688,W_Nabellen offertes,2011-10-01 09:45:11.554000+00:00,0
11,173688,W_Completeren aanvraag,2011-10-01 09:45:13.917000+00:00,0
12,173688,W_Nabellen offertes,2011-10-01 10:15:41.290000+00:00,0
13,173688,W_Nabellen offertes,2011-10-01 10:17:08.924000+00:00,0
14,173688,W_Nabellen offertes,2011-10-08 14:26:57.720000+00:00,0
15,173688,W_Nabellen offertes,2011-10-08 14:32:00.886000+00:00,0
16,173688,W_Nabellen offertes,2011-10-10 09:32:22.495000+00:00,0
17,173688,O_SENT_BACK,2011-10-10 09:33:03.668000+00:00,0
18,173688,W_Valideren aanvraag,2011-10-10 09:33:04.560000+00:00,0
19,173688,W_Nabellen offertes,2011-10-10 09:33:05.791000+00:00,0
20,173688,W_Valideren aanvraag,2011-10-13 08:05:26.925000+00:00,0
21,173688,A_REGISTERED,2011-10-13 08:37:29.226000+00:00,0
22,173688,A_APPROVED,2011-10-13 08:37:29.226000+00:00,0
23,173688,O_ACCEPTED,2011-10-13 08:37:29.226000+00:00,0
24,173688,A_ACTIVATED,2011-10-13 08:37:29.226000+00:00,0
25,173688,W_Valideren aanvraag,2011-10-13 08:37:37.026000+00:00,0
26,173691,A_SUBMITTED,2011-10-01 06:08:58.256000+00:00,0
27,173691,A_PARTLYSUBMITTED,2011-10-01 06:09:02.195000+00:00,0
28,173691,A_PREACCEPTED,2011-10-01 06:09:56.648000+00:00,0
29,173691,W_Completeren aanvraag,2011-10-01 06:09:59.578000+00:00,0
30,173691,W_Completeren aanvraag,2011-10-01 09:37:32.393000+00:00,0
31,173691,W_Completeren aanvraag,2011-10-01 09:43:13.178000+00:00,0
32,173691,W_Completeren aanvraag,2011-10-01 12:27:57.775000+00:00,0
33,173691,A_ACCEPTED,2011-10-01 12:33:54.614000+00:00,0
34,173691,A_FINALIZED,2011-10-01 12:35:46.016000+00:00,0
35,173691,O_SELECTED,2011-10-01 12:35:46.016000+00:00,0
36,173691,O_CREATED,2011-10-01 12:35:47.488000+00:00,0
37,173691,O_SENT,2011-10-01 12:35:47.583000+00:00,0
38,173691,W_Nabellen offertes,2011-10-01 12:35:47.682000+00:00,0
39,173691,W_Completeren aanvraag,2011-10-01 12:35:48.791000+00:00,0
40,173691,W_Nabellen offertes,2011-10-01 12:36:13.443000+00:00,0
41,173691,W_Nabellen offertes,2011-10-01 12:36:25.794000+00:00,0
42,173691,W_Nabellen offertes,2011-10-03 14:54:43.257000+00:00,0
43,173691,O_SELECTED,2011-10-03 14:56:17.731000+00:00,0
44,173691,O_CANCELLED,2011-10-03 14:56:17.731000+00:00,0
45,173691,O_CREATED,2011-10-03 14:56:19.613000+00:00,0
46,173691,O_SENT,2011-10-03 14:56:19.645000+00:00,0
47,173691,W_Nabellen offertes,2011-10-03 14:56:19.941000+00:00,0
48,173691,W_Nabellen offertes,2011-10-03 14:56:21.195000+00:00,0
49,173691,W_Nabellen offertes,2011-10-03 14:56:34.792000+00:00,0
50,173691,W_Nabellen offertes,2011-10-03 14:57:16.563000+00:00,0
51,173691,W_Nabellen offertes,2011-10-10 08:13:44.827000+00:00,0
52,173691,O_SENT_BACK,2011-10-10 08:14:43.775000+00:00,0
53,173691,W_Valideren aanvraag,2011-10-10 08:14:44.052000+00:00,0
54,173691,W_Nabellen offertes,2011-10-10 08:14:45.514000+00:00,0
55,173691,W_Valideren aanvraag,2011-10-10 09:12:36.612000+00:00,0
56,173691,W_Valideren aanvraag,2011-10-10 09:30:54.893000+00:00,0
57,173691,W_Valideren aanvraag,2011-10-10 12:11:42.124000+00:00,0
58,173691,W_Valideren aanvraag,2011-10-10 12:14:13.394000+00:00,0
59,173691,W_Valideren aanvraag,2011-10-10 12:14:52.842000+00:00,0
60,173691,O_ACCEPTED,2011-10-10 12:17:26.306000+00:00,0
61,173691,A_APPROVED,2011-10-10 12:17:26.307000+00:00,0
62,173691,A_REGISTERED,2011-10-10 12:17:26.307000+00:00,0
63,173691,A_ACTIVATED,2011-10-10 12:17:26.307000+00:00,0
64,173691,W_Valideren aanvraag,2011-10-10 12:17:34.633000+00:00,0
65,173694,A_SUBMITTED,2011-10-01 06:10:30.287000+00:00,0
66,173694,A_PARTLYSUBMITTED,2011-10-01 06:10:30.591000+00:00,0
67,173694,A_PREACCEPTED,2011-10-01 06:11:13.026000+00:00,0
68,173694,W_Completeren aanvraag,2011-10-01 06:11:13.390000+00:00,0
69,173694,W_Completeren aanvraag,2011-10-01 09:31:25.301000+00:00,0
70,173694,W_Completeren aanvraag,2011-10-01 09:35:59.637000+00:00,0
71,173694,W_Completeren aanvraag,2011-10-03 09:12:02.445000+00:00,0
72,173694,W_Completeren aanvraag,2011-10-03 09:21:22.417000+00:00,0
73,173694,W_Completeren aanvraag,2011-10-03 11:21:06.626000+00:00,0
74,173694,W_Completeren aanvraag,2011-10-03 11:32:43.313000+00:00,0
75,173694,W_Completeren aanvraag,2011-10-03 11:32:52.818000+00:00,0
76,173694,A_ACCEPTED,2011-10-03 11:34:25.421000+00:00,0
77,173694,A_FINALIZED,2011-10-03 11:40:14.632000+00:00,0
78,173694,O_SELECTED,2011-10-03 11:40:14.632000+00:00,0
79,173694,O_CREATED,2011-10-03 11:40:15.605000+00:00,0
80,173694,O_SENT,2011-10-03 11:40:15.651000+00:00,0
81,173694,W_Nabellen offertes,2011-10-03 11:40:15.865000+00:00,0
82,173694,W_Completeren aanvraag,2011-10-03 11:40:17.062000+00:00,0
83,173694,W_Nabellen offertes,2011-10-03 11:40:42.469000+00:00,0
84,173694,O_SELECTED,2011-10-03 11:44:17.619000+00:00,0
85,173694,O_CANCELLED,2011-10-03 11:44:17.619000+00:00,0
86,173694,O_CREATED,2011-10-03 11:44:19.671000+00:00,0
87,173694,O_SENT,2011-10-03 11:44:19.719000+00:00,0
88,173694,W_Nabellen offertes,2011-10-03 11:44:19.954000+00:00,0
89,173694,W_Nabellen offertes,2011-10-03 11:44:21.261000+00:00,0
90,173694,W_Nabellen offertes,2011-10-10 14:46:59.853000+00:00,0
91,173694,W_Nabellen offertes,2011-10-10 14:47:18.803000+00:00,0
92,173694,W_Nabellen offertes,2011-10-10 17:29:54.155000+00:00,0
93,173694,W_Nabellen offertes,2011-10-10 17:34:36.027000+00:00,0
94,173694,W_Nabellen offertes,2011-10-14 16:15:44.625000+00:00,0
95,173694,W_Nabellen offertes,2011-10-14 16:16:42.245000+00:00,0
96,173694,W_Nabellen offertes,2011-10-17 17:41:28.395000+00:00,0
97,173694,O_SELECTED,2011-10-17 17:43:53.587000+00:00,0
98,173694,O_CANCELLED,2011-10-17 17:43:53.587000+00:00,0
99,173694,O_CREATED,2011-10-17 17:43:55.219000+00:00,0
100,173694,O_SENT,2011-10-17 17:43:55.387000+00:00,0
101,173694,W_Nabellen offertes,2011-10-17 17:43:56.402000+00:00,0
102,173694,W_Nabellen offertes,2011-10-17 17:43:57.774000+00:00,0
103,173694,W_Nabellen offertes,2011-10-25 08:46:08.191000+00:00,0
104,173694,W_Nabellen offertes,2011-10-25 08:50:48.186000+00:00,0
105,173694,W_Nabellen offertes,2011-10-26 16:48:57.136000+00:00,0
106,173694,W_Nabellen offertes,2011-10-26 16:50:22.004000+00:00,0
107,173694,W_Nabellen offertes,2011-10-29 10:39:08.212000+00:00,0
108,173694,W_Nabellen offertes,2011-10-29 10:41:29.569000+00:00,0
109,173694,W_Nabellen offertes,2011-11-01 13:54:40.128000+00:00,0
110,173694,W_Nabellen offertes,2011-11-01 13:55:35.020000+00:00,0
111,173694,W_Nabellen offertes,2011-11-01 16:16:31.149000+00:00,0
112,173694,W_Nabellen offertes,2011-11-01 16:21:02.356000+00:00,0
113,173694,W_Nabellen offertes,2011-11-02 08:11:44.251000+00:00,0
114,173694,O_SENT_BACK,2011-11-02 08:15:16.203000+00:00,0
115,173694,W_Valideren aanvraag,2011-11-02 08:15:16.386000+00:00,0
116,173694,W_Nabellen offertes,2011-11-02 08:15:18.683000+00:00,0
117,173694,W_Valideren aanvraag,2011-11-04 14:24:21.954000+00:00,0
118,173694,O_ACCEPTED,2011-11-04 15:04:52.611000+00:00,0
119,173694,A_APPROVED,2011-11-04 15:04:52.612000+00:00,0
120,173694,A_REGISTERED,2011-11-04 15:04:52.612000+00:00,0
121,173694,A_ACTIVATED,2011-11-04 15:04:52.612000+00:00,0
122,173694,W_Valideren aanvraag,2011-11-04 15:05:01.532000+00:00,0
123,173694,W_Wijzigen contractgegevens,2012-02-15 11:29:26.299000+00:00,0
124,173697,A_SUBMITTED,2011-10-01 06:11:08.866000+00:00,1
125,173697,A_PARTLYSUBMITTED,2011-10-01 06:11:09.035000+00:00,1
126,173697,A_DECLINED,2011-10-01 06:11:46.420000+00:00,1
127,173700,A_SUBMITTED,2011-10-01 06:15:39.894000+00:00,0
128,173700,A_PARTLYSUBMITTED,2011-10-01 06:15:40.102000+00:00,0
129,173700,A_DECLINED,2011-10-01 06:16:21.037000+00:00,0
130,173703,A_SUBMITTED,2011-10-01 07:45:25.806000+00:00,0
131,173703,A_PARTLYSUBMITTED,2011-10-01 07:45:25.981000+00:00,0
132,173703,A_PREACCEPTED,2011-10-01 07:46:18.211000+00:00,0
133,173703,W_Completeren aanvraag,2011-10-01 07:46:18.674000+00:00,0
134,173703,W_Completeren aanvraag,2011-10-01 09:37:46.748000+00:00,0
135,173703,W_Completeren aanvraag,2011-10-01 09:40:24.141000+00:00,0
136,173703,W_Completeren aanvraag,2011-10-01 10:40:26.958000+00:00,0
137,173703,A_CANCELLED,2011-10-01 11:02:11.068000+00:00,0
138,173703,W_Completeren aanvraag,2011-10-01 11:02:12.557000+00:00,0
139,173706,A_SUBMITTED,2011-10-01 07:45:37.274000+00:00,0
140,173706,A_PARTLYSUBMITTED,2011-10-01 07:45:37.363000+00:00,0
141,173706,W_Afhandelen leads,2011-10-01 07:46:18.623000+00:00,0
142,173706,W_Afhandelen leads,2011-10-01 08:15:43.883000+00:00,0
143,173706,A_PREACCEPTED,2011-10-01 08:16:48.956000+00:00,0
144,173706,W_Completeren aanvraag,2011-10-01 08:16:48.991000+00:00,0
145,173706,W_Afhandelen leads,2011-10-01 08:16:49.843000+00:00,0
146,173706,W_Completeren aanvraag,2011-10-01 09:49:28.183000+00:00,0
147,173706,W_Completeren aanvraag,2011-10-01 09:50:14.483000+00:00,0
148,173706,W_Completeren aanvraag,2011-10-01 09:50:21.451000+00:00,0
149,173706,W_Completeren aanvraag,2011-10-01 09:53:55.769000+00:00,0
150,173706,W_Completeren aanvraag,2011-10-01 12:50:26.172000+00:00,0
151,173706,A_DECLINED,2011-10-01 12:59:58.557000+00:00,0
152,173706,W_Completeren aanvraag,2011-10-01 13:00:02.537000+00:00,0
153,173709,A_SUBMITTED,2011-10-01 07:57:42.994000+00:00,1
154,173709,A_PARTLYSUBMITTED,2011-10-01 07:57:43.182000+00:00,1
155,173709,A_PREACCEPTED,2011-10-01 07:58:27.038000+00:00,1
156,173709,W_Completeren aanvraag,2011-10-01 07:58:27.403000+00:00,1
157,173709,W_Completeren aanvraag,2011-10-01 08:26:42.203000+00:00,1
158,173709,W_Completeren aanvraag,2011-10-01 08:27:07.853000+00:00,1
159,173709,W_Completeren aanvraag,2011-10-01 09:40:40.141000+00:00,1
160,173709,W_Completeren aanvraag,2011-10-01 09:43:02.623000+00:00,1
161,173709,W_Completeren aanvraag,2011-10-10 15:42:24.738000+00:00,1
162,173709,W_Completeren aanvraag,2011-10-10 15:43:13.290000+00:00,1
163,173709,W_Completeren aanvraag,2011-11-01 08:15:08.331000+00:00,1
164,173709,A_CANCELLED,2011-11-01 08:15:08.387000+00:00,1
165,173712,A_SUBMITTED,2011-10-01 07:58:30.533000+00:00,1
166,173712,A_PARTLYSUBMITTED,2011-10-01 07:58:30.678000+00:00,1
167,173712,W_Afhandelen leads,2011-10-01 07:58:44.046000+00:00,1
168,173712,W_Afhandelen leads,2011-10-01 08:08:36.700000+00:00,1
169,173712,A_PREACCEPTED,2011-10-01 08:10:24.737000+00:00,1
170,173712,W_Completeren aanvraag,2011-10-01 08:10:24.780000+00:00,1
171,173712,W_Afhandelen leads,2011-10-01 08:10:25.759000+00:00,1
172,173712,W_Completeren aanvraag,2011-10-01 10:59:13.844000+00:00,1
173,173712,W_Completeren aanvraag,2011-10-01 11:03:35.216000+00:00,1
174,173712,W_Completeren aanvraag,2011-10-03 09:16:05.035000+00:00,1
175,173712,W_Completeren aanvraag,2011-10-03 09:17:29.105000+00:00,1
176,173712,W_Completeren aanvraag,2011-10-03 12:39:34.962000+00:00,1
177,173712,A_CANCELLED,2011-10-03 12:42:53.820000+00:00,1
178,173712,W_Completeren aanvraag,2011-10-03 12:42:55.584000+00:00,1
179,173715,A_SUBMITTED,2011-10-01 07:59:10.501000+00:00,1
180,173715,A_PARTLYSUBMITTED,2011-10-01 07:59:10.789000+00:00,1
181,173715,A_PREACCEPTED,2011-10-01 07:59:42.704000+00:00,1
182,173715,W_Completeren aanvraag,2011-10-01 07:59:43.080000+00:00,1
183,173715,W_Completeren aanvraag,2011-10-01 09:44:00.187000+00:00,1
184,173715,W_Completeren aanvraag,2011-10-01 09:46:06.342000+00:00,1
185,173715,W_Completeren aanvraag,2011-10-01 10:18:51.701000+00:00,1
186,173715,A_ACCEPTED,2011-10-01 10:24:32.787000+00:00,1
187,173715,O_SELECTED,2011-10-01 10:30:20.556000+00:00,1
188,173715,A_FINALIZED,2011-10-01 10:30:20.556000+00:00,1
189,173715,O_CREATED,2011-10-01 10:30:21.780000+00:00,1
190,173715,O_SENT,2011-10-01 10:30:21.806000+00:00,1
191,173715,W_Nabellen offertes,2011-10-01 10:30:21.896000+00:00,1
192,173715,W_Completeren aanvraag,2011-10-01 10:30:24.155000+00:00,1
193,173715,W_Nabellen offertes,2011-10-08 14:35:18.821000+00:00,1
194,173715,W_Nabellen offertes,2011-10-08 14:38:17.372000+00:00,1
195,173715,W_Nabellen offertes,2011-10-10 10:53:54.726000+00:00,1
196,173715,O_SENT_BACK,2011-10-10 10:54:03.401000+00:00,1
197,173715,W_Valideren aanvraag,2011-10-10 10:54:03.698000+00:00,1
198,173715,W_Nabellen offertes,2011-10-10 10:54:04.785000+00:00,1
199,173715,W_Valideren aanvraag,2011-10-13 09:00:48.597000+00:00,1
200,173715,A_DECLINED,2011-10-13 09:05:24.620000+00:00,1
201,173715,O_DECLINED,2011-10-13 09:05:24.620000+00:00,1
202,173715,W_Valideren aanvraag,2011-10-13 09:05:28.082000+00:00,1
203,173718,A_SUBMITTED,2011-10-01 08:37:39.363000+00:00,1
204,173718,A_PARTLYSUBMITTED,2011-10-01 08:37:39.657000+00:00,1
205,173718,A_PREACCEPTED,2011-10-01 08:38:20.967000+00:00,1
206,173718,W_Completeren aanvraag,2011-10-01 08:38:21.403000+00:00,1
207,173718,W_Completeren aanvraag,2011-10-01 08:38:48.454000+00:00,1
208,173718,A_ACCEPTED,2011-10-01 08:42:21.977000+00:00,1
209,173718,A_FINALIZED,2011-10-01 08:44:40.725000+00:00,1
210,173718,O_SELECTED,2011-10-01 08:44:40.725000+00:00,1
211,173718,O_CREATED,2011-10-01 08:44:42.707000+00:00,1
212,173718,O_SENT,2011-10-01 08:44:42.734000+00:00,1
213,173718,W_Nabellen offertes,2011-10-01 08:44:42.811000+00:00,1
214,173718,W_Completeren aanvraag,2011-10-01 08:44:43.954000+00:00,1
215,173718,W_Nabellen offertes,2011-10-01 08:44:54.041000+00:00,1
216,173718,W_Nabellen offertes,2011-10-01 08:44:58.974000+00:00,1
217,173718,W_Nabellen offertes,2011-10-01 08:45:27.286000+00:00,1
218,173718,O_SELECTED,2011-10-01 08:46:52.915000+00:00,1
219,173718,O_CANCELLED,2011-10-01 08:46:52.915000+00:00,1
220,173718,O_CREATED,2011-10-01 08:46:54.210000+00:00,1
221,173718,O_SENT,2011-10-01 08:46:54.233000+00:00,1
222,173718,W_Nabellen offertes,2011-10-01 08:46:54.333000+00:00,1
223,173718,W_Nabellen offertes,2011-10-01 08:46:56.631000+00:00,1
224,173718,W_Nabellen offertes,2011-10-01 08:47:14.211000+00:00,1
225,173718,W_Nabellen offertes,2011-10-01 08:50:20.533000+00:00,1
226,173718,W_Nabellen offertes,2011-10-01 08:50:29.475000+00:00,1
227,173718,W_Nabellen offertes,2011-10-01 08:50:34.704000+00:00,1
228,173718,W_Nabellen offertes,2011-10-08 14:29:16.320000+00:00,1
229,173718,W_Nabellen offertes,2011-10-08 14:31:37.972000+00:00,1
230,173718,W_Nabellen offertes,2011-10-10 08:54:21.749000+00:00,1
231,173718,O_SENT_BACK,2011-10-10 08:55:04.984000+00:00,1
232,173718,W_Valideren aanvraag,2011-10-10 08:55:05.278000+00:00,1
233,173718,W_Nabellen offertes,2011-10-10 08:55:07.452000+00:00,1
234,173718,W_Valideren aanvraag,2011-10-13 10:09:25.043000+00:00,1
235,173718,W_Nabellen incomplete dossiers,2011-10-13 10:36:10.837000+00:00,1
236,173718,W_Valideren aanvraag,2011-10-13 10:36:12.529000+00:00,1
237,173718,W_Nabellen incomplete dossiers,2011-10-13 11:01:57.802000+00:00,1
238,173718,W_Nabellen incomplete dossiers,2011-10-13 11:05:42.290000+00:00,1
239,173718,W_Nabellen incomplete dossiers,2011-10-13 11:52:13.304000+00:00,1
240,173718,W_Nabellen incomplete dossiers,2011-10-13 11:53:16.314000+00:00,1
241,173718,W_Nabellen incomplete dossiers,2011-10-13 14:51:40.072000+00:00,1
242,173718,W_Nabellen incomplete dossiers,2011-10-13 15:12:01.909000+00:00,1
243,173718,W_Nabellen incomplete dossiers,2011-10-13 15:12:16.147000+00:00,1
244,173718,W_Nabellen incomplete dossiers,2011-10-13 15:14:13.926000+00:00,1
245,173718,W_Nabellen incomplete dossiers,2011-10-13 15:14:15.943000+00:00,1
246,173718,W_Nabellen incomplete dossiers,2011-10-13 15:14:26.112000+00:00,1
247,173718,W_Nabellen incomplete dossiers,2011-10-15 13:13:04.199000+00:00,1
248,173718,W_Nabellen incomplete dossiers,2011-10-15 13:17:31.488000+00:00,1
249,173718,W_Nabellen incomplete dossiers,2011-10-15 14:56:05.635000+00:00,1
250,173718,W_Nabellen incomplete dossiers,2011-10-15 14:56:14.624000+00:00,1
251,173718,W_Nabellen incomplete dossiers,2011-10-17 11:31:52.506000+00:00,1
252,173718,W_Nabellen incomplete dossiers,2011-10-17 11:32:51.911000+00:00,1
253,173718,W_Nabellen incomplete dossiers,2011-10-17 12:28:20.987000+00:00,1
254,173718,W_Nabellen incomplete dossiers,2011-10-17 12:28:36.881000+00:00,1
255,173718,W_Nabellen incomplete dossiers,2011-10-18 14:14:48.278000+00:00,1
256,173718,W_Nabellen incomplete dossiers,2011-10-18 14:46:24.246000+00:00,1
257,173718,W_Nabellen incomplete dossiers,2011-10-18 15:23:36.468000+00:00,1
258,173718,W_Valideren aanvraag,2011-10-18 15:46:32.956000+00:00,1
259,173718,W_Nabellen incomplete dossiers,2011-10-18 15:46:34.802000+00:00,1
260,173718,W_Valideren aanvraag,2011-10-19 06:40:06.443000+00:00,1
261,173718,W_Nabellen incomplete dossiers,2011-10-19 06:53:19.103000+00:00,1
262,173718,W_Valideren aanvraag,2011-10-19 06:53:21.372000+00:00,1
263,173718,W_Nabellen incomplete dossiers,2011-10-19 07:04:40.593000+00:00,1
264,173718,W_Nabellen incomplete dossiers,2011-10-19 07:17:01.695000+00:00,1
265,173718,W_Nabellen incomplete dossiers,2011-10-19 07:17:06.228000+00:00,1
266,173718,W_Nabellen incomplete dossiers,2011-10-19 07:24:19.095000+00:00,1
267,173718,W_Nabellen incomplete dossiers,2011-10-20 07:30:20.104000+00:00,1
268,173718,W_Nabellen incomplete dossiers,2011-10-20 07:30:32.963000+00:00,1
269,173718,W_Nabellen incomplete dossiers,2011-10-24 13:18:56.928000+00:00,1
270,173718,W_Nabellen incomplete dossiers,2011-10-24 13:24:55.532000+00:00,1
271,173718,W_Nabellen incomplete dossiers,2011-10-26 06:11:48.012000+00:00,1
272,173718,W_Valideren aanvraag,2011-10-26 06:12:36.217000+00:00,1
273,173718,W_Nabellen incomplete dossiers,2011-10-26 06:12:38.415000+00:00,1
274,173718,W_Valideren aanvraag,2011-10-27 07:02:10.475000+00:00,1
275,173718,O_ACCEPTED,2011-10-27 07:17:53.327000+00:00,1
276,173718,A_APPROVED,2011-10-27 07:17:53.327000+00:00,1
277,173718,A_REGISTERED,2011-10-27 07:17:53.328000+00:00,1
278,173718,A_ACTIVATED,2011-10-27 07:17:53.328000+00:00,1
279,173718,W_Valideren aanvraag,2011-10-27 07:18:01.790000+00:00,1
280,173721,A_SUBMITTED,2011-10-01 09:07:34.279000+00:00,0
281,173721,A_PARTLYSUBMITTED,2011-10-01 09:07:34.928000+00:00,0
282,173721,A_PREACCEPTED,2011-10-01 09:08:17.093000+00:00,0
283,173721,W_Completeren aanvraag,2011-10-01 09:08:17.494000+00:00,0
284,173721,W_Completeren aanvraag,2011-10-01 09:09:08.607000+00:00,0
285,173721,A_ACCEPTED,2011-10-01 09:18:36.318000+00:00,0
286,173721,O_SELECTED,2011-10-01 09:20:47.605000+00:00,0
287,173721,A_FINALIZED,2011-10-01 09:20:47.605000+00:00,0
288,173721,O_CREATED,2011-10-01 09:20:49.026000+00:00,0
289,173721,O_SENT,2011-10-01 09:20:49.058000+00:00,0
290,173721,W_Nabellen offertes,2011-10-01 09:20:49.150000+00:00,0
291,173721,W_Completeren aanvraag,2011-10-01 09:20:50.335000+00:00,0
292,173721,W_Nabellen offertes,2011-10-01 09:21:20.844000+00:00,0
293,173721,W_Nabellen offertes,2011-10-01 09:22:52.458000+00:00,0
294,173721,W_Nabellen offertes,2011-10-01 09:26:32.199000+00:00,0
295,173721,W_Nabellen offertes,2011-10-01 09:32:54.371000+00:00,0
296,173721,W_Nabellen offertes,2011-10-04 12:44:10.559000+00:00,0
297,173721,W_Nabellen offertes,2011-10-04 12:47:39.633000+00:00,0
298,173721,W_Nabellen offertes,2011-10-06 07:49:01.348000+00:00,0
299,173721,O_SENT_BACK,2011-10-06 07:49:46.110000+00:00,0
300,173721,W_Valideren aanvraag,2011-10-06 07:49:46.253000+00:00,0
301,173721,W_Nabellen offertes,2011-10-06 07:49:47.774000+00:00,0
302,173721,W_Valideren aanvraag,2011-10-10 07:32:46.394000+00:00,0
303,173721,W_Nabellen incomplete dossiers,2011-10-10 08:06:07.755000+00:00,0
304,173721,W_Valideren aanvraag,2011-10-10 08:06:09.471000+00:00,0
305,173721,W_Nabellen incomplete dossiers,2011-10-10 08:17:26.457000+00:00,0
306,173721,W_Nabellen incomplete dossiers,2011-10-10 08:20:04.927000+00:00,0
307,173721,W_Nabellen incomplete dossiers,2011-10-10 09:40:34.365000+00:00,0
308,173721,W_Nabellen incomplete dossiers,2011-10-10 09:42:32.977000+00:00,0
309,173721,W_Nabellen incomplete dossiers,2011-10-10 12:15:47.451000+00:00,0
310,173721,W_Nabellen incomplete dossiers,2011-10-10 12:22:14.231000+00:00,0
311,173721,W_Nabellen incomplete dossiers,2011-10-10 14:22:05.322000+00:00,0
312,173721,O_DECLINED,2011-10-10 14:28:25.531000+00:00,0
313,173721,A_DECLINED,2011-10-10 14:28:25.531000+00:00,0
314,173721,W_Nabellen incomplete dossiers,2011-10-10 14:28:29.918000+00:00,0
315,173724,A_SUBMITTED,2011-10-01 09:52:14.305000+00:00,1
316,173724,A_PARTLYSUBMITTED,2011-10-01 09:52:14.576000+00:00,1
317,173724,W_Afhandelen leads,2011-10-01 09:53:00.740000+00:00,1
318,173724,W_Afhandelen leads,2011-10-01 10:04:34.265000+00:00,1
319,173724,W_Afhandelen leads,2011-10-01 10:12:27.600000+00:00,1
320,173724,W_Afhandelen leads,2011-10-01 10:19:56.702000+00:00,1
321,173724,A_PREACCEPTED,2011-10-01 10:20:54.061000+00:00,1
322,173724,W_Completeren aanvraag,2011-10-01 10:20:54.150000+00:00,1
323,173724,W_Afhandelen leads,2011-10-01 10:20:55.527000+00:00,1
324,173724,W_Completeren aanvraag,2011-10-01 11:24:12.098000+00:00,1
325,173724,W_Completeren aanvraag,2011-10-01 11:27:08.763000+00:00,1
326,173724,W_Completeren aanvraag,2011-10-01 12:01:52.452000+00:00,1
327,173724,W_Completeren aanvraag,2011-10-01 12:02:01.804000+00:00,1
328,173724,W_Completeren aanvraag,2011-10-01 13:12:31.862000+00:00,1
329,173724,W_Completeren aanvraag,2011-10-01 13:15:17.707000+00:00,1
330,173724,W_Completeren aanvraag,2011-10-03 09:31:38.846000+00:00,1
331,173724,W_Completeren aanvraag,2011-10-03 09:33:42.129000+00:00,1
332,173724,W_Completeren aanvraag,2011-10-03 13:37:41.290000+00:00,1
333,173724,A_DECLINED,2011-10-03 13:48:17.469000+00:00,1
334,173724,W_Completeren aanvraag,2011-10-03 13:48:20.505000+00:00,1
335,173727,A_SUBMITTED,2011-10-01 10:08:46.663000+00:00,0
336,173727,A_PARTLYSUBMITTED,2011-10-01 10:08:46.803000+00:00,0
337,173727,A_DECLINED,2011-10-01 10:09:30.362000+00:00,0
338,173730,A_SUBMITTED,2011-10-01 10:36:08.943000+00:00,1
339,173730,A_PARTLYSUBMITTED,2011-10-01 10:36:09.207000+00:00,1
340,173730,A_PREACCEPTED,2011-10-01 10:36:59.265000+00:00,1
341,173730,W_Completeren aanvraag,2011-10-01 10:36:59.652000+00:00,1
342,173730,W_Completeren aanvraag,2011-10-01 11:52:49.258000+00:00,1
343,173730,W_Completeren aanvraag,2011-10-01 11:55:31.990000+00:00,1
344,173730,W_Completeren aanvraag,2011-10-01 13:14:58.530000+00:00,1
345,173730,W_Completeren aanvraag,2011-10-01 13:15:12.440000+00:00,1
346,173730,W_Completeren aanvraag,2011-10-01 13:15:21.163000+00:00,1
347,173730,W_Completeren aanvraag,2011-10-01 13:31:19.388000+00:00,1
348,173730,W_Completeren aanvraag,2011-10-01 13:31:39.115000+00:00,1
349,173730,A_ACCEPTED,2011-10-01 13:36:06.372000+00:00,1
350,173730,O_SELECTED,2011-10-01 13:40:08.254000+00:00,1
351,173730,A_FINALIZED,2011-10-01 13:40:08.255000+00:00,1
352,173730,O_CREATED,2011-10-01 13:40:09.986000+00:00,1
353,173730,O_SENT,2011-10-01 13:40:10.012000+00:00,1
354,173730,W_Nabellen offertes,2011-10-01 13:40:10.083000+00:00,1
355,173730,W_Completeren aanvraag,2011-10-01 13:40:12.281000+00:00,1
356,173730,W_Nabellen offertes,2011-10-01 13:43:00.152000+00:00,1
357,173730,W_Nabellen offertes,2011-10-01 13:48:39.764000+00:00,1
358,173730,W_Nabellen offertes,2011-10-08 14:16:59.088000+00:00,1
359,173730,W_Nabellen offertes,2011-10-08 14:20:20.579000+00:00,1
360,173730,W_Nabellen offertes,2011-10-10 18:47:16.049000+00:00,1
361,173730,W_Nabellen offertes,2011-10-10 18:49:26.790000+00:00,1
362,173730,W_Nabellen offertes,2011-10-11 08:46:18.902000+00:00,1
363,173730,W_Nabellen offertes,2011-10-11 08:47:04.332000+00:00,1
364,173730,W_Nabellen offertes,2011-10-11 17:54:03.544000+00:00,1
365,173730,W_Nabellen offertes,2011-10-11 17:55:07.690000+00:00,1
366,173730,W_Nabellen offertes,2011-10-12 13:36:27.719000+00:00,1
367,173730,W_Nabellen offertes,2011-10-12 13:37:20.679000+00:00,1
368,173730,W_Nabellen offertes,2011-10-13 16:34:47.253000+00:00,1
369,173730,W_Nabellen offertes,2011-10-13 16:35:43.994000+00:00,1
370,173730,W_Nabellen offertes,2011-10-14 08:20:21.189000+00:00,1
371,173730,O_SENT_BACK,2011-10-14 08:21:08.195000+00:00,1
372,173730,W_Valideren aanvraag,2011-10-14 08:21:08.488000+00:00,1
373,173730,W_Nabellen offertes,2011-10-14 08:21:10.086000+00:00,1
374,173730,W_Valideren aanvraag,2011-10-19 10:25:18.775000+00:00,1
375,173730,W_Nabellen incomplete dossiers,2011-10-19 11:20:03.327000+00:00,1
376,173730,W_Valideren aanvraag,2011-10-19 11:20:05.181000+00:00,1
377,173730,W_Nabellen incomplete dossiers,2011-10-19 11:23:54.742000+00:00,1
378,173730,W_Nabellen incomplete dossiers,2011-10-19 11:32:57.273000+00:00,1
379,173730,W_Nabellen incomplete dossiers,2011-10-19 11:34:34.009000+00:00,1
380,173730,W_Nabellen incomplete dossiers,2011-10-19 11:36:44.465000+00:00,1
381,173730,W_Nabellen incomplete dossiers,2011-10-19 16:55:05.396000+00:00,1
382,173730,W_Nabellen incomplete dossiers,2011-10-19 17:11:47.711000+00:00,1
383,173730,W_Nabellen incomplete dossiers,2011-10-20 06:10:10.268000+00:00,1
384,173730,W_Valideren aanvraag,2011-10-20 06:10:34.048000+00:00,1
385,173730,W_Nabellen incomplete dossiers,2011-10-20 06:10:36.080000+00:00,1
386,173730,W_Valideren aanvraag,2011-10-20 07:37:43.040000+00:00,1
387,173730,W_Nabellen incomplete dossiers,2011-10-20 08:08:54.418000+00:00,1
388,173730,W_Valideren aanvraag,2011-10-20 08:08:56.355000+00:00,1
389,173730,W_Nabellen incomplete dossiers,2011-10-20 08:18:21.411000+00:00,1
390,173730,W_Nabellen incomplete dossiers,2011-10-20 08:27:48.591000+00:00,1
391,173730,W_Nabellen incomplete dossiers,2011-10-20 08:43:25.263000+00:00,1
392,173730,W_Valideren aanvraag,2011-10-20 08:45:04.247000+00:00,1
393,173730,W_Nabellen incomplete dossiers,2011-10-20 08:45:06.646000+00:00,1
394,173730,W_Valideren aanvraag,2011-10-20 09:55:35.390000+00:00,1
395,173730,W_Nabellen incomplete dossiers,2011-10-20 10:00:44.987000+00:00,1
396,173730,W_Valideren aanvraag,2011-10-20 10:00:47.010000+00:00,1
397,173730,W_Nabellen incomplete dossiers,2011-10-20 10:19:37.251000+00:00,1
398,173730,W_Nabellen incomplete dossiers,2011-10-20 10:32:33.048000+00:00,1
399,173730,W_Nabellen incomplete dossiers,2011-10-20 11:51:25.207000+00:00,1
400,173730,W_Nabellen incomplete dossiers,2011-10-20 11:52:22.540000+00:00,1
401,173730,W_Nabellen incomplete dossiers,2011-10-20 14:25:05.793000+00:00,1
402,173730,W_Valideren aanvraag,2011-10-20 14:25:39.915000+00:00,1
403,173730,W_Nabellen incomplete dossiers,2011-10-20 14:25:42.079000+00:00,1
404,173730,W_Valideren aanvraag,2011-10-20 14:55:11.416000+00:00,1
405,173730,W_Valideren aanvraag,2011-10-21 04:15:05.392000+00:00,1
406,173730,W_Valideren aanvraag,2011-10-21 07:01:28.362000+00:00,1
407,173730,W_Valideren aanvraag,2011-10-21 07:05:10.854000+00:00,1
408,173730,W_Valideren aanvraag,2011-10-21 07:06:55.307000+00:00,1
409,173730,O_ACCEPTED,2011-10-21 07:08:14.250000+00:00,1
410,173730,A_ACTIVATED,2011-10-21 07:08:14.251000+00:00,1
411,173730,A_REGISTERED,2011-10-21 07:08:14.251000+00:00,1
412,173730,A_APPROVED,2011-10-21 07:08:14.251000+00:00,1
413,173730,W_Valideren aanvraag,2011-10-21 07:08:21.511000+00:00,1
414,173733,A_SUBMITTED,2011-10-01 10:39:34.037000+00:00,1
415,173733,A_PARTLYSUBMITTED,2011-10-01 10:39:34.130000+00:00,1
416,173733,W_Afhandelen leads,2011-10-01 10:40:14.782000+00:00,1
417,173733,W_Afhandelen leads,2011-10-01 12:54:11.886000+00:00,1
418,173733,A_DECLINED,2011-10-01 12:54:53.037000+00:00,1
419,173733,W_Afhandelen leads,2011-10-01 12:54:56.346000+00:00,1
420,173736,A_SUBMITTED,2011-10-01 11:01:58.813000+00:00,0
421,173736,A_PARTLYSUBMITTED,2011-10-01 11:01:59.052000+00:00,0
422,173736,A_PREACCEPTED,2011-10-01 11:02:44.257000+00:00,0
423,173736,W_Completeren aanvraag,2011-10-01 11:02:44.607000+00:00,0
424,173736,W_Completeren aanvraag,2011-10-01 13:25:56.976000+00:00,0
425,173736,W_Completeren aanvraag,2011-10-01 13:40:09.622000+00:00,0
426,173736,W_Completeren aanvraag,2011-10-01 13:49:16.131000+00:00,0
427,173736,W_Completeren aanvraag,2011-10-01 13:55:45.029000+00:00,0
428,173736,W_Completeren aanvraag,2011-10-01 13:56:00.621000+00:00,0
429,173736,A_ACCEPTED,2011-10-01 14:00:15.975000+00:00,0
430,173736,A_FINALIZED,2011-10-01 14:05:26.312000+00:00,0
431,173736,O_SELECTED,2011-10-01 14:05:26.312000+00:00,0
432,173736,O_CREATED,2011-10-01 14:05:27.699000+00:00,0
433,173736,O_SENT,2011-10-01 14:05:27.739000+00:00,0
434,173736,W_Nabellen offertes,2011-10-01 14:05:27.836000+00:00,0
435,173736,W_Completeren aanvraag,2011-10-01 14:05:28.909000+00:00,0
436,173736,W_Nabellen offertes,2011-10-04 10:56:41.233000+00:00,0
437,173736,O_SELECTED,2011-10-04 10:59:20.034000+00:00,0
438,173736,O_CANCELLED,2011-10-04 10:59:20.034000+00:00,0
439,173736,O_CREATED,2011-10-04 10:59:21.264000+00:00,0
440,173736,O_SENT,2011-10-04 10:59:21.304000+00:00,0
441,173736,W_Nabellen offertes,2011-10-04 10:59:21.526000+00:00,0
442,173736,W_Nabellen offertes,2011-10-04 10:59:22.813000+00:00,0
443,173736,W_Nabellen offertes,2011-10-10 11:33:49.257000+00:00,0
444,173736,O_SENT_BACK,2011-10-10 11:33:58.634000+00:00,0
445,173736,W_Valideren aanvraag,2011-10-10 11:33:58.924000+00:00,0
446,173736,W_Nabellen offertes,2011-10-10 11:34:00.234000+00:00,0
447,173736,W_Valideren aanvraag,2011-10-13 08:30:56.461000+00:00,0
448,173736,W_Nabellen incomplete dossiers,2011-10-13 08:49:07.595000+00:00,0
449,173736,W_Valideren aanvraag,2011-10-13 08:49:09.254000+00:00,0
450,173736,W_Nabellen incomplete dossiers,2011-10-13 08:58:34.168000+00:00,0
451,173736,W_Nabellen incomplete dossiers,2011-10-13 09:03:37.264000+00:00,0
452,173736,W_Nabellen incomplete dossiers,2011-10-13 09:04:05.366000+00:00,0
453,173736,W_Nabellen incomplete dossiers,2011-10-13 09:06:33.365000+00:00,0
454,173736,W_Nabellen incomplete dossiers,2011-10-13 09:06:53.079000+00:00,0
455,173736,W_Nabellen incomplete dossiers,2011-10-13 09:08:21.054000+00:00,0
456,173736,W_Nabellen incomplete dossiers,2011-10-13 09:27:32.444000+00:00,0
457,173736,O_SELECTED,2011-10-13 09:36:52.601000+00:00,0
458,173736,O_CANCELLED,2011-10-13 09:36:52.601000+00:00,0
459,173736,O_CREATED,2011-10-13 09:36:53.652000+00:00,0
460,173736,O_SENT,2011-10-13 09:36:53.686000+00:00,0
461,173736,W_Nabellen incomplete dossiers,2011-10-13 09:36:53.848000+00:00,0
462,173736,W_Nabellen incomplete dossiers,2011-10-13 09:36:55.756000+00:00,0
463,173736,W_Nabellen incomplete dossiers,2011-10-13 10:14:36.806000+00:00,0
464,173736,W_Nabellen incomplete dossiers,2011-10-13 10:16:30.523000+00:00,0
465,173736,W_Nabellen incomplete dossiers,2011-10-18 08:20:13.083000+00:00,0
466,173736,O_SENT_BACK,2011-10-18 08:20:36.413000+00:00,0
467,173736,W_Valideren aanvraag,2011-10-18 08:20:36.613000+00:00,0
468,173736,W_Nabellen incomplete dossiers,2011-10-18 08:20:38.657000+00:00,0
469,173736,W_Valideren aanvraag,2011-10-18 09:50:29.643000+00:00,0
470,173736,O_ACCEPTED,2011-10-18 10:01:28.757000+00:00,0
471,173736,A_APPROVED,2011-10-18 10:01:28.757000+00:00,0
472,173736,A_REGISTERED,2011-10-18 10:01:28.758000+00:00,0
473,173736,A_ACTIVATED,2011-10-18 10:01:28.758000+00:00,0
474,173736,W_Valideren aanvraag,2011-10-18 10:01:37.810000+00:00,0
475,173739,A_SUBMITTED,2011-10-01 11:12:58.663000+00:00,1
476,173739,A_PARTLYSUBMITTED,2011-10-01 11:12:58.865000+00:00,1
477,173739,A_PREACCEPTED,2011-10-01 11:13:42.121000+00:00,1
478,173739,W_Completeren aanvraag,2011-10-01 11:13:42.463000+00:00,1
479,173739,W_Completeren aanvraag,2011-10-01 13:26:10.309000+00:00,1
480,173739,W_Completeren aanvraag,2011-10-01 13:27:27.909000+00:00,1
481,173739,W_Completeren aanvraag,2011-10-01 13:39:44.061000+00:00,1
482,173739,W_Completeren aanvraag,2011-10-01 13:42:01.062000+00:00,1
483,173739,W_Completeren aanvraag,2011-10-01 13:44:57.589000+00:00,1
484,173739,A_ACCEPTED,2011-10-01 13:54:11.638000+00:00,1
485,173739,O_SELECTED,2011-10-01 13:56:39.615000+00:00,1
486,173739,A_FINALIZED,2011-10-01 13:56:39.615000+00:00,1
487,173739,O_CREATED,2011-10-01 13:56:40.771000+00:00,1
488,173739,O_SENT,2011-10-01 13:56:40.801000+00:00,1
489,173739,W_Nabellen offertes,2011-10-01 13:56:40.888000+00:00,1
490,173739,W_Completeren aanvraag,2011-10-01 13:56:43.006000+00:00,1
491,173739,W_Nabellen offertes,2011-10-01 14:00:15.843000+00:00,1
492,173739,W_Nabellen offertes,2011-10-01 14:00:21.937000+00:00,1
493,173739,W_Nabellen offertes,2011-10-08 13:27:11.144000+00:00,1
494,173739,W_Nabellen offertes,2011-10-08 13:32:48.196000+00:00,1
495,173739,W_Nabellen offertes,2011-10-11 08:18:32.969000+00:00,1
496,173739,O_SENT_BACK,2011-10-11 08:19:12.541000+00:00,1
497,173739,W_Valideren aanvraag,2011-10-11 08:19:12.705000+00:00,1
498,173739,W_Nabellen offertes,2011-10-11 08:19:14.044000+00:00,1
499,173739,W_Valideren aanvraag,2011-10-13 10:56:47.536000+00:00,1
500,173739,W_Valideren aanvraag,2011-10-13 11:12:26.149000+00:00,1
501,173739,W_Valideren aanvraag,2011-10-13 12:30:14.065000+00:00,1
502,173739,W_Nabellen incomplete dossiers,2011-10-13 13:04:17.552000+00:00,1
503,173739,W_Valideren aanvraag,2011-10-13 13:04:19.365000+00:00,1
504,173739,W_Nabellen incomplete dossiers,2011-10-13 17:54:43.879000+00:00,1
505,173739,W_Nabellen incomplete dossiers,2011-10-13 18:01:47.622000+00:00,1
506,173739,W_Nabellen incomplete dossiers,2011-10-14 08:05:16.955000+00:00,1
507,173739,W_Nabellen incomplete dossiers,2011-10-14 08:06:41.548000+00:00,1
508,173739,W_Nabellen incomplete dossiers,2011-10-14 11:19:03.524000+00:00,1
509,173739,W_Nabellen incomplete dossiers,2011-10-14 11:19:58.402000+00:00,1
510,173739,W_Nabellen incomplete dossiers,2011-10-14 11:35:53.903000+00:00,1
511,173739,W_Nabellen incomplete dossiers,2011-10-14 11:37:05.114000+00:00,1
512,173739,W_Nabellen incomplete dossiers,2011-10-14 12:04:14.642000+00:00,1
513,173739,W_Nabellen incomplete dossiers,2011-10-14 12:05:18.189000+00:00,1
514,173739,W_Nabellen incomplete dossiers,2011-10-14 13:48:25.294000+00:00,1
515,173739,W_Valideren aanvraag,2011-10-14 13:49:16.973000+00:00,1
516,173739,W_Nabellen incomplete dossiers,2011-10-14 13:49:18.747000+00:00,1
517,173739,W_Valideren aanvraag,2011-10-14 14:21:08.274000+00:00,1
518,173739,O_ACCEPTED,2011-10-14 14:22:47.530000+00:00,1
519,173739,A_REGISTERED,2011-10-14 14:22:47.530000+00:00,1
520,173739,A_APPROVED,2011-10-14 14:22:47.530000+00:00,1
521,173739,A_ACTIVATED,2011-10-14 14:22:47.530000+00:00,1
522,173739,W_Valideren aanvraag,2011-10-14 14:22:55.654000+00:00,1
523,173742,A_SUBMITTED,2011-10-01 11:44:12.627000+00:00,0
524,173742,A_PARTLYSUBMITTED,2011-10-01 11:44:12.796000+00:00,0
525,173742,W_Afhandelen leads,2011-10-01 11:44:28.518000+00:00,0
526,173742,W_Afhandelen leads,2011-10-01 12:54:59.794000+00:00,0
527,173742,A_PREACCEPTED,2011-10-01 12:56:21.300000+00:00,0
528,173742,W_Completeren aanvraag,2011-10-01 12:56:21.343000+00:00,0
529,173742,W_Afhandelen leads,2011-10-01 12:56:22.258000+00:00,0
530,173742,W_Completeren aanvraag,2011-10-01 13:43:28.867000+00:00,0
531,173742,W_Completeren aanvraag,2011-10-01 13:50:01.022000+00:00,0
532,173742,W_Completeren aanvraag,2011-10-03 10:55:29.782000+00:00,0
533,173742,W_Completeren aanvraag,2011-10-03 10:56:17.811000+00:00,0
534,173742,W_Completeren aanvraag,2011-10-03 13:53:14.368000+00:00,0
535,173742,W_Completeren aanvraag,2011-10-03 13:55:10.703000+00:00,0
536,173742,W_Completeren aanvraag,2011-10-04 09:30:57.138000+00:00,0
537,173742,W_Completeren aanvraag,2011-10-04 09:35:15.898000+00:00,0
538,173742,W_Completeren aanvraag,2011-10-04 11:25:26.997000+00:00,0
539,173742,W_Completeren aanvraag,2011-10-04 11:26:21.211000+00:00,0
540,173742,W_Completeren aanvraag,2011-10-04 15:26:11.606000+00:00,0
541,173742,W_Completeren aanvraag,2011-10-04 15:27:09.867000+00:00,0
542,173742,W_Completeren aanvraag,2011-10-05 07:31:37.643000+00:00,0
543,173742,W_Completeren aanvraag,2011-10-05 07:32:15.950000+00:00,0
544,173742,W_Completeren aanvraag,2011-10-05 11:27:38.276000+00:00,0
545,173742,W_Completeren aanvraag,2011-10-05 11:28:37.728000+00:00,0
546,173742,W_Completeren aanvraag,2011-10-05 16:13:44.540000+00:00,0
547,173742,W_Completeren aanvraag,2011-10-05 16:14:09.139000+00:00,0
548,173742,W_Completeren aanvraag,2011-10-05 16:51:28.875000+00:00,0
549,173742,W_Completeren aanvraag,2011-10-05 16:53:18.185000+00:00,0
550,173742,W_Completeren aanvraag,2011-10-06 07:59:11.603000+00:00,0
551,173742,W_Completeren aanvraag,2011-10-06 08:00:04.158000+00:00,0
552,173742,W_Completeren aanvraag,2011-10-06 18:53:12.515000+00:00,0
553,173742,W_Completeren aanvraag,2011-10-06 18:54:12.674000+00:00,0
554,173742,W_Completeren aanvraag,2011-10-07 16:33:31.438000+00:00,0
555,173742,W_Completeren aanvraag,2011-10-07 16:34:58.370000+00:00,0
556,173742,W_Completeren aanvraag,2011-10-08 08:49:43.434000+00:00,0
557,173742,W_Completeren aanvraag,2011-10-08 08:51:27.693000+00:00,0
558,173742,W_Completeren aanvraag,2011-10-08 09:27:14.238000+00:00,0
559,173742,W_Completeren aanvraag,2011-10-08 09:30:22.029000+00:00,0
560,173742,W_Completeren aanvraag,2011-10-14 13:45:14.837000+00:00,0
561,173742,A_DECLINED,2011-10-14 13:52:04.486000+00:00,0
562,173742,W_Completeren aanvraag,2011-10-14 13:52:09.143000+00:00,0
563,173745,A_SUBMITTED,2011-10-01 12:08:16.294000+00:00,0
564,173745,A_PARTLYSUBMITTED,2011-10-01 12:08:16.484000+00:00,0
565,173745,W_Afhandelen leads,2011-10-01 12:08:29.623000+00:00,0
566,173745,W_Afhandelen leads,2011-10-01 13:19:46.902000+00:00,0
567,173745,A_PREACCEPTED,2011-10-01 13:21:26.216000+00:00,0
568,173745,W_Completeren aanvraag,2011-10-01 13:21:26.264000+00:00,0
569,173745,W_Afhandelen leads,2011-10-01 13:21:27.382000+00:00,0
570,173745,W_Completeren aanvraag,2011-10-01 13:49:47.071000+00:00,0
571,173745,A_ACCEPTED,2011-10-01 13:55:33.955000+00:00,0
572,173745,O_SELECTED,2011-10-01 13:58:41.855000+00:00,0
573,173745,A_FINALIZED,2011-10-01 13:58:41.856000+00:00,0
574,173745,O_CREATED,2011-10-01 13:58:44.837000+00:00,0
575,173745,O_SENT,2011-10-01 13:58:44.859000+00:00,0
576,173745,W_Nabellen offertes,2011-10-01 13:58:44.952000+00:00,0
577,173745,W_Completeren aanvraag,2011-10-01 13:58:47.041000+00:00,0
578,173745,W_Nabellen offertes,2011-10-08 10:37:54.978000+00:00,0
579,173745,O_CANCELLED,2011-10-08 10:45:57.789000+00:00,0
580,173745,A_CANCELLED,2011-10-08 10:45:57.789000+00:00,0
581,173745,W_Nabellen offertes,2011-10-08 10:45:59.872000+00:00,0
582,173748,A_SUBMITTED,2011-10-01 12:09:16.088000+00:00,0
583,173748,A_PARTLYSUBMITTED,2011-10-01 12:09:16.307000+00:00,0
584,173748,W_Afhandelen leads,2011-10-01 12:10:03.002000+00:00,0
585,173748,W_Afhandelen leads,2011-10-01 13:21:30.425000+00:00,0
586,173748,A_PREACCEPTED,2011-10-01 13:24:16.783000+00:00,0
587,173748,W_Completeren aanvraag,2011-10-01 13:24:16.818000+00:00,0
588,173748,W_Afhandelen leads,2011-10-01 13:24:17.903000+00:00,0
589,173748,W_Completeren aanvraag,2011-10-01 13:56:55.771000+00:00,0
590,173748,W_Completeren aanvraag,2011-10-01 13:57:08.108000+00:00,0
591,173748,W_Completeren aanvraag,2011-10-01 13:57:12.437000+00:00,0
592,173748,W_Completeren aanvraag,2011-10-01 13:57:18.128000+00:00,0
593,173748,W_Completeren aanvraag,2011-10-01 14:00:06.614000+00:00,0
594,173748,W_Completeren aanvraag,2011-10-01 14:00:29.127000+00:00,0
595,173748,W_Completeren aanvraag,2011-10-01 14:01:55.949000+00:00,0
596,173748,W_Completeren aanvraag,2011-10-01 14:09:35.915000+00:00,0
597,173748,W_Completeren aanvraag,2011-10-01 14:27:43.446000+00:00,0
598,173748,A_ACCEPTED,2011-10-01 14:33:21.976000+00:00,0
599,173748,A_FINALIZED,2011-10-01 14:36:44.831000+00:00,0
600,173748,O_SELECTED,2011-10-01 14:36:44.831000+00:00,0
601,173748,O_CREATED,2011-10-01 14:37:32.632000+00:00,0
602,173748,O_SENT,2011-10-01 14:37:32.669000+00:00,0
603,173748,W_Nabellen offertes,2011-10-01 14:37:32.777000+00:00,0
604,173748,W_Completeren aanvraag,2011-10-01 14:37:33.942000+00:00,0
605,173748,W_Nabellen offertes,2011-10-01 14:37:45.563000+00:00,0
606,173748,W_Nabellen offertes,2011-10-01 14:39:20.513000+00:00,0
607,173748,W_Nabellen offertes,2011-10-01 14:41:24.002000+00:00,0
608,173748,O_CANCELLED,2011-10-01 14:42:16.406000+00:00,0
609,173748,O_SELECTED,2011-10-01 14:42:16.406000+00:00,0
610,173748,O_CREATED,2011-10-01 14:42:17.394000+00:00,0
611,173748,O_SENT,2011-10-01 14:42:17.419000+00:00,0
612,173748,W_Nabellen offertes,2011-10-01 14:42:17.503000+00:00,0
613,173748,W_Nabellen offertes,2011-10-01 14:42:18.798000+00:00,0
614,173748,W_Nabellen offertes,2011-10-01 14:42:41.603000+00:00,0
615,173748,W_Nabellen offertes,2011-10-01 14:48:25.529000+00:00,0
616,173748,W_Nabellen offertes,2011-10-03 14:35:29.831000+00:00,0
617,173748,A_DECLINED,2011-10-03 14:44:19.335000+00:00,0
618,173748,O_DECLINED,2011-10-03 14:44:19.335000+00:00,0
619,173748,W_Nabellen offertes,2011-10-03 14:44:24.049000+00:00,0
620,173751,A_SUBMITTED,2011-10-01 12:14:39.442000+00:00,1
621,173751,A_PARTLYSUBMITTED,2011-10-01 12:14:39.698000+00:00,1
622,173751,A_PREACCEPTED,2011-10-01 12:15:21.127000+00:00,1
623,173751,W_Completeren aanvraag,2011-10-01 12:15:21.514000+00:00,1
624,173751,W_Completeren aanvraag,2011-10-01 13:27:54.581000+00:00,1
625,173751,W_Completeren aanvraag,2011-10-01 13:34:03.433000+00:00,1
626,173751,W_Completeren aanvraag,2011-10-01 14:39:01.386000+00:00,1
627,173751,A_ACCEPTED,2011-10-01 14:43:08.537000+00:00,1
628,173751,A_FINALIZED,2011-10-01 14:49:59.191000+00:00,1
629,173751,O_SELECTED,2011-10-01 14:49:59.191000+00:00,1
630,173751,O_CREATED,2011-10-01 14:50:00.969000+00:00,1
631,173751,O_SENT,2011-10-01 14:50:01.004000+00:00,1
632,173751,W_Nabellen offertes,2011-10-01 14:50:01.118000+00:00,1
633,173751,W_Completeren aanvraag,2011-10-01 14:50:03.374000+00:00,1
634,173751,W_Nabellen offertes,2011-10-07 10:40:09.590000+00:00,1
635,173751,O_SENT_BACK,2011-10-07 10:40:18.319000+00:00,1
636,173751,W_Valideren aanvraag,2011-10-07 10:40:18.475000+00:00,1
637,173751,W_Nabellen offertes,2011-10-07 10:40:20.348000+00:00,1
638,173751,W_Valideren aanvraag,2011-10-11 08:28:50.637000+00:00,1
639,173751,O_ACCEPTED,2011-10-11 08:39:30.983000+00:00,1
640,173751,A_REGISTERED,2011-10-11 08:39:30.984000+00:00,1
641,173751,A_ACTIVATED,2011-10-11 08:39:30.984000+00:00,1
642,173751,A_APPROVED,2011-10-11 08:39:30.984000+00:00,1
643,173751,W_Valideren aanvraag,2011-10-11 08:39:37.710000+00:00,1
644,173754,A_SUBMITTED,2011-10-01 12:50:09.763000+00:00,1
645,173754,A_PARTLYSUBMITTED,2011-10-01 12:50:11.084000+00:00,1
646,173754,A_PREACCEPTED,2011-10-01 12:50:51.260000+00:00,1
647,173754,W_Completeren aanvraag,2011-10-01 12:50:51.581000+00:00,1
648,173754,W_Completeren aanvraag,2011-10-01 13:34:08.620000+00:00,1
649,173754,W_Completeren aanvraag,2011-10-01 13:44:41.812000+00:00,1
650,173754,W_Completeren aanvraag,2011-10-01 13:57:20.639000+00:00,1
651,173754,W_Completeren aanvraag,2011-10-01 14:00:04.254000+00:00,1
652,173754,W_Completeren aanvraag,2011-10-03 10:56:25.496000+00:00,1
653,173754,W_Completeren aanvraag,2011-10-03 10:57:19.896000+00:00,1
654,173754,W_Completeren aanvraag,2011-10-04 07:26:08.278000+00:00,1
655,173754,W_Completeren aanvraag,2011-10-04 07:28:25.001000+00:00,1
656,173754,W_Completeren aanvraag,2011-10-04 11:19:33.517000+00:00,1
657,173754,W_Completeren aanvraag,2011-10-04 11:23:24.422000+00:00,1
658,173754,W_Completeren aanvraag,2011-10-04 15:56:08.754000+00:00,1
659,173754,W_Completeren aanvraag,2011-10-04 15:57:28.524000+00:00,1
660,173754,W_Completeren aanvraag,2011-10-05 07:51:21.156000+00:00,1
661,173754,W_Completeren aanvraag,2011-10-05 07:52:18.491000+00:00,1
662,173754,W_Completeren aanvraag,2011-10-05 11:51:17.543000+00:00,1
663,173754,W_Completeren aanvraag,2011-10-05 11:52:14.235000+00:00,1
664,173754,W_Completeren aanvraag,2011-10-05 16:35:43.713000+00:00,1
665,173754,W_Completeren aanvraag,2011-10-05 16:39:11.602000+00:00,1
666,173754,W_Completeren aanvraag,2011-10-06 07:57:22.776000+00:00,1
667,173754,W_Completeren aanvraag,2011-10-06 07:59:11.701000+00:00,1
668,173754,W_Completeren aanvraag,2011-10-07 07:18:08.337000+00:00,1
669,173754,W_Completeren aanvraag,2011-10-07 07:18:19.534000+00:00,1
670,173754,W_Completeren aanvraag,2011-10-07 16:40:54.864000+00:00,1
671,173754,W_Completeren aanvraag,2011-10-07 16:41:57.476000+00:00,1
672,173754,W_Completeren aanvraag,2011-10-08 09:07:09.527000+00:00,1
673,173754,W_Completeren aanvraag,2011-10-08 09:12:22.490000+00:00,1
674,173754,W_Completeren aanvraag,2011-10-14 11:49:41.128000+00:00,1
675,173754,W_Completeren aanvraag,2011-10-14 11:51:42.183000+00:00,1
676,173754,W_Completeren aanvraag,2011-10-14 11:52:12.099000+00:00,1
677,173754,W_Completeren aanvraag,2011-10-14 11:52:59.787000+00:00,1
678,173754,W_Completeren aanvraag,2011-10-14 12:26:08.264000+00:00,1
679,173754,W_Beoordelen fraude,2011-10-14 12:26:29.939000+00:00,1
680,173754,W_Completeren aanvraag,2011-10-14 12:26:30.998000+00:00,1
681,173754,W_Beoordelen fraude,2011-10-14 12:26:43.880000+00:00,1
682,173754,W_Beoordelen fraude,2011-10-14 12:26:59.868000+00:00,1
683,173754,W_Beoordelen fraude,2011-10-14 12:27:33.053000+00:00,1
684,173754,A_DECLINED,2011-10-14 12:28:39.170000+00:00,1
685,173754,W_Beoordelen fraude,2011-10-14 12:28:41.859000+00:00,1
686,173757,A_SUBMITTED,2011-10-01 13:02:58.635000+00:00,0
687,173757,A_PARTLYSUBMITTED,2011-10-01 13:02:58.837000+00:00,0
688,173757,A_DECLINED,2011-10-01 13:03:36.223000+00:00,0
689,173760,A_SUBMITTED,2011-10-01 13:15:17.454000+00:00,1
690,173760,A_PARTLYSUBMITTED,2011-10-01 13:15:17.785000+00:00,1
691,173760,A_PREACCEPTED,2011-10-01 13:15:57.085000+00:00,1
692,173760,W_Completeren aanvraag,2011-10-01 13:15:57.399000+00:00,1
693,173760,W_Completeren aanvraag,2011-10-01 13:49:25.830000+00:00,1
694,173760,A_ACCEPTED,2011-10-01 13:56:34.697000+00:00,1
695,173760,A_FINALIZED,2011-10-01 14:01:43.413000+00:00,1
696,173760,O_SELECTED,2011-10-01 14:01:43.413000+00:00,1
697,173760,O_CREATED,2011-10-01 14:01:44.340000+00:00,1
698,173760,O_SENT,2011-10-01 14:01:44.367000+00:00,1
699,173760,W_Nabellen offertes,2011-10-01 14:01:44.446000+00:00,1
700,173760,W_Completeren aanvraag,2011-10-01 14:01:45.570000+00:00,1
701,173760,W_Nabellen offertes,2011-10-08 10:32:54.194000+00:00,1
702,173760,W_Nabellen offertes,2011-10-08 10:34:58.665000+00:00,1
703,173760,W_Nabellen offertes,2011-10-10 17:51:46.694000+00:00,1
704,173760,W_Nabellen offertes,2011-10-10 17:52:09.728000+00:00,1
705,173760,W_Nabellen offertes,2011-10-11 08:58:47.999000+00:00,1
706,173760,O_SENT_BACK,2011-10-11 09:01:37.837000+00:00,1
707,173760,W_Valideren aanvraag,2011-10-11 09:01:37.983000+00:00,1
708,173760,W_Nabellen offertes,2011-10-11 09:01:39.164000+00:00,1
709,173760,W_Valideren aanvraag,2011-10-14 13:17:11.834000+00:00,1
710,173760,A_APPROVED,2011-10-14 13:41:03.384000+00:00,1
711,173760,A_ACTIVATED,2011-10-14 13:41:03.384000+00:00,1
712,173760,A_REGISTERED,2011-10-14 13:41:03.384000+00:00,1
713,173760,O_ACCEPTED,2011-10-14 13:41:03.384000+00:00,1
714,173760,W_Valideren aanvraag,2011-10-14 13:41:11.193000+00:00,1
715,173763,A_SUBMITTED,2011-10-01 14:09:22.741000+00:00,0
716,173763,A_PARTLYSUBMITTED,2011-10-01 14:09:23.366000+00:00,0
717,173763,W_Afhandelen leads,2011-10-01 14:09:35.019000+00:00,0
718,173763,W_Afhandelen leads,2011-10-01 14:36:40.854000+00:00,0
719,173763,A_DECLINED,2011-10-01 14:38:40.609000+00:00,0
720,173763,W_Afhandelen leads,2011-10-01 14:38:43.770000+00:00,0
721,173766,A_SUBMITTED,2011-10-01 14:12:02.338000+00:00,0
722,173766,A_PARTLYSUBMITTED,2011-10-01 14:12:02.437000+00:00,0
723,173766,A_PREACCEPTED,2011-10-01 14:12:45.054000+00:00,0
724,173766,W_Completeren aanvraag,2011-10-01 14:12:45.495000+00:00,0
725,173766,W_Completeren aanvraag,2011-10-01 14:21:09.556000+00:00,0
726,173766,W_Completeren aanvraag,2011-10-01 14:45:56.460000+00:00,0
727,173766,W_Completeren aanvraag,2011-10-01 14:46:57.433000+00:00,0
728,173766,W_Completeren aanvraag,2011-10-01 14:48:23.746000+00:00,0
729,173766,W_Completeren aanvraag,2011-10-03 11:46:24.397000+00:00,0
730,173766,W_Completeren aanvraag,2011-10-03 11:48:25.069000+00:00,0
731,173766,W_Completeren aanvraag,2011-10-04 07:32:04.590000+00:00,0
732,173766,W_Completeren aanvraag,2011-10-04 07:34:40.289000+00:00,0
733,173766,W_Completeren aanvraag,2011-10-04 11:01:52.979000+00:00,0
734,173766,W_Completeren aanvraag,2011-10-04 11:11:09.043000+00:00,0
735,173766,W_Completeren aanvraag,2011-10-04 15:12:49+00:00,0
736,173766,W_Completeren aanvraag,2011-10-04 15:17:33.659000+00:00,0
737,173766,W_Completeren aanvraag,2011-10-05 07:19:46.414000+00:00,0
738,173766,W_Completeren aanvraag,2011-10-05 07:20:40.159000+00:00,0
739,173766,W_Completeren aanvraag,2011-10-05 08:42:42.601000+00:00,0
740,173766,W_Completeren aanvraag,2011-10-05 08:42:52.632000+00:00,0
741,173766,W_Completeren aanvraag,2011-10-05 12:01:11.683000+00:00,0
742,173766,W_Completeren aanvraag,2011-10-05 12:05:43.045000+00:00,0
743,173766,W_Completeren aanvraag,2011-10-05 16:47:16.548000+00:00,0
744,173766,W_Completeren aanvraag,2011-10-05 16:50:58.641000+00:00,0
745,173766,W_Completeren aanvraag,2011-10-06 07:58:04.207000+00:00,0
746,173766,W_Completeren aanvraag,2011-10-06 07:58:22.447000+00:00,0
747,173766,W_Completeren aanvraag,2011-10-06 18:50:04.321000+00:00,0
748,173766,A_CANCELLED,2011-10-06 18:52:10.659000+00:00,0
749,173766,W_Completeren aanvraag,2011-10-06 18:52:12.238000+00:00,0
750,173769,A_SUBMITTED,2011-10-01 14:34:46.838000+00:00,0
751,173769,A_PARTLYSUBMITTED,2011-10-01 14:34:46.971000+00:00,0
752,173769,A_DECLINED,2011-10-01 14:35:23.337000+00:00,0
753,173772,A_SUBMITTED,2011-10-01 14:39:55.798000+00:00,0
754,173772,A_PARTLYSUBMITTED,2011-10-01 14:39:55.898000+00:00,0
755,173772,A_DECLINED,2011-10-01 14:40:31.075000+00:00,0
756,173775,A_SUBMITTED,2011-10-01 14:59:00.006000+00:00,0
757,173775,A_PARTLYSUBMITTED,2011-10-01 14:59:00.116000+00:00,0
758,173775,A_PREACCEPTED,2011-10-01 14:59:31.819000+00:00,0
759,173775,W_Completeren aanvraag,2011-10-01 14:59:32.118000+00:00,0
760,173775,W_Completeren aanvraag,2011-10-03 07:06:56.047000+00:00,0
761,173775,W_Completeren aanvraag,2011-10-03 07:20:05.027000+00:00,0
762,173775,W_Completeren aanvraag,2011-10-03 08:33:48.312000+00:00,0
763,173775,A_DECLINED,2011-10-03 08:38:00.941000+00:00,0
764,173775,W_Completeren aanvraag,2011-10-03 08:38:04.449000+00:00,0
765,173778,A_SUBMITTED,2011-10-01 15:49:31.297000+00:00,0
766,173778,A_PARTLYSUBMITTED,2011-10-01 15:49:31.470000+00:00,0
767,173778,W_Afhandelen leads,2011-10-01 15:50:11.358000+00:00,0
768,173778,W_Afhandelen leads,2011-10-03 06:59:16.103000+00:00,0
769,173778,A_DECLINED,2011-10-03 07:04:53.732000+00:00,0
770,173778,W_Afhandelen leads,2011-10-03 07:04:57.761000+00:00,0
771,173781,A_SUBMITTED,2011-10-01 16:10:34.289000+00:00,0
772,173781,A_PARTLYSUBMITTED,2011-10-01 16:10:34.403000+00:00,0
773,173781,A_PREACCEPTED,2011-10-01 16:11:13.866000+00:00,0
774,173781,W_Completeren aanvraag,2011-10-01 16:11:14.166000+00:00,0
775,173781,W_Completeren aanvraag,2011-10-03 07:14:50.846000+00:00,0
776,173781,A_DECLINED,2011-10-03 07:24:47.145000+00:00,0
777,173781,W_Completeren aanvraag,2011-10-03 07:25:12.137000+00:00,0
778,173784,A_SUBMITTED,2011-10-01 17:05:56.898000+00:00,1
779,173784,A_PARTLYSUBMITTED,2011-10-01 17:05:57.032000+00:00,1
780,173784,A_PREACCEPTED,2011-10-01 17:06:42.529000+00:00,1
781,173784,W_Completeren aanvraag,2011-10-01 17:06:42.850000+00:00,1
782,173784,W_Completeren aanvraag,2011-10-03 07:16:48.647000+00:00,1
783,173784,W_Completeren aanvraag,2011-10-03 07:19:46.535000+00:00,1
784,173784,W_Completeren aanvraag,2011-10-03 12:35:23.828000+00:00,1
785,173784,W_Completeren aanvraag,2011-10-03 12:36:50.819000+00:00,1
786,173784,W_Completeren aanvraag,2011-10-04 08:00:35.483000+00:00,1
787,173784,W_Completeren aanvraag,2011-10-04 08:01:30.141000+00:00,1
788,173784,W_Completeren aanvraag,2011-10-04 11:39:04.587000+00:00,1
789,173784,W_Completeren aanvraag,2011-10-04 11:41:55.100000+00:00,1
790,173784,W_Completeren aanvraag,2011-10-04 15:14:29.183000+00:00,1
791,173784,W_Completeren aanvraag,2011-10-04 15:15:04.246000+00:00,1
792,173784,W_Completeren aanvraag,2011-10-04 15:15:19.181000+00:00,1
793,173784,W_Completeren aanvraag,2011-10-04 15:15:24.697000+00:00,1
794,173784,W_Completeren aanvraag,2011-10-04 15:19:43.505000+00:00,1
795,173784,W_Completeren aanvraag,2011-10-04 15:19:49.910000+00:00,1
796,173784,W_Completeren aanvraag,2011-10-04 15:29:29.312000+00:00,1
797,173784,A_ACCEPTED,2011-10-04 15:35:26.509000+00:00,1
798,173784,O_SELECTED,2011-10-04 15:37:27.175000+00:00,1
799,173784,A_FINALIZED,2011-10-04 15:37:27.175000+00:00,1
800,173784,O_CREATED,2011-10-04 15:37:28.370000+00:00,1
801,173784,O_SENT,2011-10-04 15:37:28.412000+00:00,1
802,173784,W_Nabellen offertes,2011-10-04 15:37:28.655000+00:00,1
803,173784,W_Completeren aanvraag,2011-10-04 15:37:29.837000+00:00,1
804,173784,W_Nabellen offertes,2011-10-11 18:37:55.829000+00:00,1
805,173784,W_Nabellen offertes,2011-10-11 18:42:59.830000+00:00,1
806,173784,W_Nabellen offertes,2011-10-12 14:46:36.776000+00:00,1
807,173784,W_Nabellen offertes,2011-10-12 14:47:33.647000+00:00,1
808,173784,W_Nabellen offertes,2011-10-13 16:49:18.300000+00:00,1
809,173784,W_Nabellen offertes,2011-10-13 16:50:05.365000+00:00,1
810,173784,W_Nabellen offertes,2011-10-17 09:28:51.955000+00:00,1
811,173784,O_SENT_BACK,2011-10-17 09:29:14.489000+00:00,1
812,173784,W_Valideren aanvraag,2011-10-17 09:29:14.634000+00:00,1
813,173784,W_Nabellen offertes,2011-10-17 09:29:16.061000+00:00,1
814,173784,W_Valideren aanvraag,2011-10-19 11:00:27.932000+00:00,1
815,173784,W_Nabellen incomplete dossiers,2011-10-19 11:25:04.189000+00:00,1
816,173784,W_Valideren aanvraag,2011-10-19 11:25:05.644000+00:00,1
817,173784,W_Nabellen incomplete dossiers,2011-10-19 12:36:17.997000+00:00,1
818,173784,W_Nabellen incomplete dossiers,2011-10-19 12:41:13.137000+00:00,1
819,173784,W_Nabellen incomplete dossiers,2011-10-19 17:12:54.982000+00:00,1
820,173784,W_Nabellen incomplete dossiers,2011-10-19 17:37:43.925000+00:00,1
821,173784,W_Nabellen incomplete dossiers,2011-10-20 07:28:49.856000+00:00,1
822,173784,W_Nabellen incomplete dossiers,2011-10-20 07:29:54.780000+00:00,1
823,173784,W_Nabellen incomplete dossiers,2011-10-21 16:56:03.008000+00:00,1
824,173784,W_Nabellen incomplete dossiers,2011-10-21 16:57:41.474000+00:00,1
825,173784,W_Nabellen incomplete dossiers,2011-10-24 08:32:07.972000+00:00,1
826,173784,W_Nabellen incomplete dossiers,2011-10-24 08:35:43.323000+00:00,1
827,173784,W_Nabellen incomplete dossiers,2011-10-27 12:09:43.289000+00:00,1
828,173784,W_Nabellen incomplete dossiers,2011-10-27 12:09:53.341000+00:00,1
829,173784,W_Nabellen incomplete dossiers,2011-10-28 05:50:06.541000+00:00,1
830,173784,W_Valideren aanvraag,2011-10-28 05:50:42.261000+00:00,1
831,173784,W_Nabellen incomplete dossiers,2011-10-28 05:50:44.784000+00:00,1
832,173784,W_Valideren aanvraag,2011-10-28 07:38:04.456000+00:00,1
833,173784,W_Nabellen incomplete dossiers,2011-10-28 07:50:06.618000+00:00,1
834,173784,W_Valideren aanvraag,2011-10-28 07:50:08.297000+00:00,1
835,173784,W_Nabellen incomplete dossiers,2011-10-28 09:54:20.480000+00:00,1
836,173784,W_Nabellen incomplete dossiers,2011-10-28 09:54:32.058000+00:00,1
837,173784,W_Nabellen incomplete dossiers,2011-10-28 10:25:10.550000+00:00,1
838,173784,W_Valideren aanvraag,2011-10-28 10:35:22.489000+00:00,1
839,173784,W_Nabellen incomplete dossiers,2011-10-28 10:35:25.131000+00:00,1
840,173784,W_Valideren aanvraag,2011-10-31 08:35:34.981000+00:00,1
841,173784,W_Valideren aanvraag,2011-10-31 08:38:48.234000+00:00,1
842,173784,W_Valideren aanvraag,2011-10-31 10:14:39.308000+00:00,1
843,173784,W_Nabellen incomplete dossiers,2011-10-31 10:18:07.597000+00:00,1
844,173784,W_Valideren aanvraag,2011-10-31 10:18:09.143000+00:00,1
845,173784,W_Nabellen incomplete dossiers,2011-10-31 14:33:05.336000+00:00,1
846,173784,W_Nabellen incomplete dossiers,2011-10-31 14:36:47.835000+00:00,1
847,173784,W_Nabellen incomplete dossiers,2011-10-31 19:36:02.755000+00:00,1
848,173784,W_Nabellen incomplete dossiers,2011-10-31 19:37:23.523000+00:00,1
849,173784,W_Nabellen incomplete dossiers,2011-11-01 10:32:55.329000+00:00,1
850,173784,W_Nabellen incomplete dossiers,2011-11-01 13:19:14.883000+00:00,1
851,173784,W_Nabellen incomplete dossiers,2011-11-01 14:01:01.414000+00:00,1
852,173784,W_Nabellen incomplete dossiers,2011-11-01 14:13:12.100000+00:00,1
853,173784,W_Nabellen incomplete dossiers,2011-11-03 07:37:48.573000+00:00,1
854,173784,W_Nabellen incomplete dossiers,2011-11-03 07:38:04.357000+00:00,1
855,173784,W_Nabellen incomplete dossiers,2011-11-03 13:19:40.791000+00:00,1
856,173784,W_Nabellen incomplete dossiers,2011-11-03 15:28:08.012000+00:00,1
857,173784,W_Nabellen incomplete dossiers,2011-11-03 16:13:20.722000+00:00,1
858,173784,W_Nabellen incomplete dossiers,2011-11-03 16:15:31.926000+00:00,1
859,173784,W_Nabellen incomplete dossiers,2011-11-05 10:14:53.240000+00:00,1
860,173784,W_Nabellen incomplete dossiers,2011-11-05 10:18:12.850000+00:00,1
861,173784,W_Nabellen incomplete dossiers,2011-11-05 13:44:49.432000+00:00,1
862,173784,W_Nabellen incomplete dossiers,2011-11-05 13:46:22.224000+00:00,1
863,173784,W_Nabellen incomplete dossiers,2011-11-07 08:32:21.578000+00:00,1
864,173784,W_Nabellen incomplete dossiers,2011-11-07 08:33:11.135000+00:00,1
865,173784,W_Nabellen incomplete dossiers,2011-11-07 13:39:03.917000+00:00,1
866,173784,W_Nabellen incomplete dossiers,2011-11-07 13:39:22.757000+00:00,1
867,173784,W_Nabellen incomplete dossiers,2011-11-07 14:06:13.310000+00:00,1
868,173784,W_Nabellen incomplete dossiers,2011-11-07 14:09:55.085000+00:00,1
869,173784,W_Nabellen incomplete dossiers,2011-11-08 15:08:39.524000+00:00,1
870,173784,W_Nabellen incomplete dossiers,2011-11-08 19:37:59.698000+00:00,1
871,173784,W_Nabellen incomplete dossiers,2011-11-10 10:19:54.119000+00:00,1
872,173784,W_Nabellen incomplete dossiers,2011-11-10 10:20:04.007000+00:00,1
873,173784,W_Nabellen incomplete dossiers,2011-11-11 08:30:21.872000+00:00,1
874,173784,W_Valideren aanvraag,2011-11-11 08:30:57.450000+00:00,1
875,173784,W_Nabellen incomplete dossiers,2011-11-11 08:30:59.143000+00:00,1
876,173784,W_Valideren aanvraag,2011-11-11 09:21:03.075000+00:00,1
877,173784,W_Valideren aanvraag,2011-11-11 09:25:50.269000+00:00,1
878,173784,W_Valideren aanvraag,2011-11-15 11:28:05.644000+00:00,1
879,173784,W_Valideren aanvraag,2011-11-15 11:28:14.838000+00:00,1
880,173784,W_Valideren aanvraag,2011-11-15 11:34:27.649000+00:00,1
881,173784,A_APPROVED,2011-11-15 11:50:28.812000+00:00,1
882,173784,O_ACCEPTED,2011-11-15 11:50:28.812000+00:00,1
883,173784,A_ACTIVATED,2011-11-15 11:50:28.812000+00:00,1
884,173784,A_REGISTERED,2011-11-15 11:50:28.812000+00:00,1
885,173784,W_Valideren aanvraag,2011-11-15 11:50:36.852000+00:00,1
886,173787,A_SUBMITTED,2011-10-01 17:06:01.646000+00:00,0
887,173787,A_PARTLYSUBMITTED,2011-10-01 17:06:01.808000+00:00,0
888,173787,A_PREACCEPTED,2011-10-01 17:06:46.498000+00:00,0
889,173787,W_Completeren aanvraag,2011-10-01 17:06:46.857000+00:00,0
890,173787,W_Completeren aanvraag,2011-10-03 07:20:36.321000+00:00,0
891,173787,A_ACCEPTED,2011-10-03 07:27:58.776000+00:00,0
892,173787,O_SELECTED,2011-10-03 07:31:07.141000+00:00,0
893,173787,A_FINALIZED,2011-10-03 07:31:07.141000+00:00,0
894,173787,O_CREATED,2011-10-03 07:31:08.267000+00:00,0
895,173787,O_SENT,2011-10-03 07:31:08.302000+00:00,0
896,173787,W_Nabellen offertes,2011-10-03 07:31:08.539000+00:00,0
897,173787,W_Completeren aanvraag,2011-10-03 07:31:09.674000+00:00,0
898,173787,W_Nabellen offertes,2011-10-03 07:32:33.098000+00:00,0
899,173787,O_CANCELLED,2011-10-03 07:36:43.291000+00:00,0
900,173787,O_SELECTED,2011-10-03 07:36:43.291000+00:00,0
901,173787,O_CREATED,2011-10-03 07:36:44.181000+00:00,0
902,173787,O_SENT,2011-10-03 07:36:44.208000+00:00,0
903,173787,W_Nabellen offertes,2011-10-03 07:36:44.371000+00:00,0
904,173787,W_Nabellen offertes,2011-10-03 07:36:45.550000+00:00,0
905,173787,W_Nabellen offertes,2011-10-03 07:37:39.628000+00:00,0
906,173787,W_Nabellen offertes,2011-10-03 07:39:54.700000+00:00,0
907,173787,W_Nabellen offertes,2011-10-03 07:53:58.251000+00:00,0
908,173787,W_Nabellen offertes,2011-10-03 07:54:06.011000+00:00,0
909,173787,W_Nabellen offertes,2011-10-10 13:10:24.292000+00:00,0
910,173787,W_Nabellen offertes,2011-10-10 13:10:36.176000+00:00,0
911,173787,W_Nabellen offertes,2011-10-10 17:05:16.770000+00:00,0
912,173787,W_Nabellen offertes,2011-10-10 17:59:57.426000+00:00,0
913,173787,W_Nabellen offertes,2011-10-10 18:50:24.825000+00:00,0
914,173787,W_Nabellen offertes,2011-10-10 18:55:56.217000+00:00,0
915,173787,W_Nabellen offertes,2011-10-18 09:48:08.307000+00:00,0
916,173787,W_Nabellen offertes,2011-10-18 09:49:29.088000+00:00,0
917,173787,W_Nabellen offertes,2011-10-19 16:48:02.078000+00:00,0
918,173787,A_CANCELLED,2011-10-19 16:51:53.683000+00:00,0
919,173787,O_CANCELLED,2011-10-19 16:51:53.683000+00:00,0
920,173787,W_Nabellen offertes,2011-10-19 16:51:57.156000+00:00,0
921,173790,A_SUBMITTED,2011-10-01 17:14:15.425000+00:00,0
922,173790,A_PARTLYSUBMITTED,2011-10-01 17:14:15.570000+00:00,0
923,173790,A_PREACCEPTED,2011-10-01 17:14:57.921000+00:00,0
924,173790,W_Completeren aanvraag,2011-10-01 17:14:58.218000+00:00,0
925,173790,W_Completeren aanvraag,2011-10-03 07:20:16.873000+00:00,0
926,173790,A_ACCEPTED,2011-10-03 07:25:01.529000+00:00,0
927,173790,O_SELECTED,2011-10-03 07:26:10.575000+00:00,0
928,173790,A_FINALIZED,2011-10-03 07:26:10.576000+00:00,0
929,173790,O_CREATED,2011-10-03 07:26:11.521000+00:00,0
930,173790,O_SENT,2011-10-03 07:26:11.544000+00:00,0
931,173790,W_Nabellen offertes,2011-10-03 07:26:11.762000+00:00,0
932,173790,W_Completeren aanvraag,2011-10-03 07:26:12.758000+00:00,0
933,173790,W_Nabellen offertes,2011-10-03 07:26:48.371000+00:00,0
934,173790,W_Nabellen offertes,2011-10-03 07:31:22.229000+00:00,0
935,173790,W_Nabellen offertes,2011-10-03 07:32:10.699000+00:00,0
936,173790,W_Nabellen offertes,2011-10-03 07:32:18.224000+00:00,0
937,173790,W_Nabellen offertes,2011-10-07 10:36:48.815000+00:00,0
938,173790,O_SENT_BACK,2011-10-07 10:37:07.523000+00:00,0
939,173790,W_Valideren aanvraag,2011-10-07 10:37:07.697000+00:00,0
940,173790,W_Nabellen offertes,2011-10-07 10:37:08.784000+00:00,0
941,173790,W_Valideren aanvraag,2011-10-07 15:31:04.180000+00:00,0
942,173790,W_Valideren aanvraag,2011-10-07 15:31:10.245000+00:00,0
943,173790,W_Valideren aanvraag,2011-10-10 12:04:54.249000+00:00,0
944,173790,O_ACCEPTED,2011-10-10 12:22:35.594000+00:00,0
945,173790,A_APPROVED,2011-10-10 12:22:35.594000+00:00,0
946,173790,A_ACTIVATED,2011-10-10 12:22:35.595000+00:00,0
947,173790,A_REGISTERED,2011-10-10 12:22:35.595000+00:00,0
948,173790,W_Valideren aanvraag,2011-10-10 12:22:43.539000+00:00,0
949,173793,A_SUBMITTED,2011-10-01 17:32:46.330000+00:00,0
950,173793,A_PARTLYSUBMITTED,2011-10-01 17:32:46.507000+00:00,0
951,173793,A_PREACCEPTED,2011-10-01 17:33:28.884000+00:00,0
952,173793,W_Completeren aanvraag,2011-10-01 17:33:29.191000+00:00,0
953,173793,W_Completeren aanvraag,2011-10-03 07:27:44.645000+00:00,0
954,173793,W_Completeren aanvraag,2011-10-03 07:29:52.446000+00:00,0
955,173793,W_Completeren aanvraag,2011-10-03 12:37:27.455000+00:00,0
956,173793,A_ACCEPTED,2011-10-03 12:50:01.765000+00:00,0
957,173793,O_SELECTED,2011-10-03 12:53:19.306000+00:00,0
958,173793,A_FINALIZED,2011-10-03 12:53:19.306000+00:00,0
959,173793,O_CREATED,2011-10-03 12:53:20.371000+00:00,0
960,173793,O_SENT,2011-10-03 12:53:20.393000+00:00,0
961,173793,W_Nabellen offertes,2011-10-03 12:53:20.608000+00:00,0
962,173793,W_Completeren aanvraag,2011-10-03 12:53:22.061000+00:00,0
963,173793,W_Nabellen offertes,2011-10-03 12:53:52.649000+00:00,0
964,173793,W_Nabellen offertes,2011-10-03 12:58:24.450000+00:00,0
965,173793,W_Nabellen offertes,2011-10-10 15:41:32.849000+00:00,0
966,173793,W_Nabellen offertes,2011-10-10 15:48:08.545000+00:00,0
967,173793,W_Nabellen offertes,2011-10-14 08:08:14.470000+00:00,0
968,173793,O_SENT_BACK,2011-10-14 08:08:48.626000+00:00,0
969,173793,W_Valideren aanvraag,2011-10-14 08:08:48.920000+00:00,0
970,173793,W_Nabellen offertes,2011-10-14 08:08:49.988000+00:00,0
971,173793,W_Valideren aanvraag,2011-10-18 07:43:45.503000+00:00,0
972,173793,W_Nabellen incomplete dossiers,2011-10-18 08:17:34.670000+00:00,0
973,173793,W_Valideren aanvraag,2011-10-18 08:17:36.555000+00:00,0
974,173793,W_Nabellen incomplete dossiers,2011-10-18 08:48:23.615000+00:00,0
975,173793,W_Valideren aanvraag,2011-10-18 08:55:07.635000+00:00,0
976,173793,W_Nabellen incomplete dossiers,2011-10-18 08:55:09.733000+00:00,0
977,173793,W_Valideren aanvraag,2011-10-18 08:59:47.877000+00:00,0
978,173793,W_Valideren aanvraag,2011-10-18 09:18:19.884000+00:00,0
979,173793,W_Valideren aanvraag,2011-10-18 09:20:27.801000+00:00,0
980,173793,O_ACCEPTED,2011-10-18 09:25:03.798000+00:00,0
981,173793,A_REGISTERED,2011-10-18 09:25:03.798000+00:00,0
982,173793,A_ACTIVATED,2011-10-18 09:25:03.798000+00:00,0
983,173793,A_APPROVED,2011-10-18 09:25:03.798000+00:00,0
984,173793,W_Valideren aanvraag,2011-10-18 09:25:11.815000+00:00,0
985,173796,A_SUBMITTED,2011-10-01 18:19:11.828000+00:00,0
986,173796,A_PARTLYSUBMITTED,2011-10-01 18:19:12.321000+00:00,0
987,173796,A_PREACCEPTED,2011-10-01 18:19:54.267000+00:00,0
988,173796,W_Completeren aanvraag,2011-10-01 18:19:54.627000+00:00,0
989,173796,W_Completeren aanvraag,2011-10-03 07:29:59.323000+00:00,0
990,173796,W_Completeren aanvraag,2011-10-03 07:32:18.835000+00:00,0
991,173796,W_Completeren aanvraag,2011-10-03 09:01:14.687000+00:00,0
992,173796,A_ACCEPTED,2011-10-03 09:07:36.401000+00:00,0
993,173796,A_FINALIZED,2011-10-03 09:15:53.537000+00:00,0
994,173796,O_SELECTED,2011-10-03 09:15:53.537000+00:00,0
995,173796,O_CREATED,2011-10-03 09:16:42.008000+00:00,0
996,173796,O_SENT,2011-10-03 09:16:42.037000+00:00,0
997,173796,W_Nabellen offertes,2011-10-03 09:16:42.193000+00:00,0
998,173796,W_Completeren aanvraag,2011-10-03 09:16:43.451000+00:00,0
999,173796,W_Nabellen offertes,2011-10-10 15:23:25.455000+00:00,0
1000,173796,W_Nabellen offertes,2011-10-10 15:23:27.060000+00:00,0
1001,173796,W_Nabellen offertes,2011-10-10 15:23:40.036000+00:00,0
1002,173796,A_CANCELLED,2011-10-10 15:23:53.999000+00:00,0
1003,173796,O_CANCELLED,2011-10-10 15:23:53.999000+00:00,0
1004,173796,W_Nabellen offertes,2011-10-10 15:23:56.237000+00:00,0
1005,173799,A_SUBMITTED,2011-10-01 18:27:34.477000+00:00,0
1006,173799,A_PARTLYSUBMITTED,2011-10-01 18:27:34.604000+00:00,0
1007,173799,A_PREACCEPTED,2011-10-01 18:28:25.400000+00:00,0
1008,173799,W_Completeren aanvraag,2011-10-01 18:28:25.753000+00:00,0
1009,173799,W_Completeren aanvraag,2011-10-03 07:32:25.253000+00:00,0
1010,173799,W_Completeren aanvraag,2011-10-03 07:35:35.736000+00:00,0
1011,173799,W_Completeren aanvraag,2011-10-04 16:13:53.217000+00:00,0
1012,173799,W_Completeren aanvraag,2011-10-04 16:15:07.660000+00:00,0
1013,173799,W_Completeren aanvraag,2011-10-04 16:15:29.745000+00:00,0
1014,173799,W_Completeren aanvraag,2011-10-04 16:15:39.598000+00:00,0
1015,173799,W_Completeren aanvraag,2011-10-04 16:28:27.183000+00:00,0
1016,173799,A_DECLINED,2011-10-04 16:30:26.808000+00:00,0
1017,173799,W_Completeren aanvraag,2011-10-04 16:30:30.080000+00:00,0
